milestone_id,year,stage,event,status
SSR_M_001,2006,Early performance career,Moved toward arts/performance,Historical
SSR_M_002,2008,Television debut,Kis Desh Mein Hai Meraa Dil,Historical
SSR_M_003,2009,Television breakthrough,Pavitra Rishta begins; Manav Deshmukh,Historical
SSR_M_004,2010,Television awards,First Indian Television Academy best-actor win; additional TV awards,Historical
SSR_M_005,2011,TV-to-film transition,Exited Pavitra Rishta to pursue Bollywood,Historical
SSR_M_006,2013,Film debut,Kai Po Che!,Historical
SSR_M_007,2014,Major ensemble film,PK,Historical
SSR_M_008,2016,Major career milestone,M.S. Dhoni: The Untold Story,Historical
SSR_M_009,2018,Lead drama,Kedarnath,Historical
SSR_M_010,2019,Major commercial release,Chhichhore,Historical
SSR_M_011,2020,Final released performance,Dil Bechara released posthumously,Historical
