collaborator_id,person,relationship_type,works,number_of_collaborations,status
SSR_COL_001,Abhishek Kapoor,Director,Kai Po Che!; Kedarnath,2,Historical
SSR_COL_002,Rajkumar Hirani,Director,PK,1,Historical
SSR_COL_003,Dibakar Banerjee,Director,Detective Byomkesh Bakshy!,1,Historical
SSR_COL_004,Neeraj Pandey,Director,M.S. Dhoni: The Untold Story,1,Historical
SSR_COL_005,Dinesh Vijan,Director/Producer,Raabta,1,Historical
SSR_COL_006,Nitesh Tiwari,Director,Chhichhore,1,Historical
SSR_COL_007,Mukesh Chhabra,Director,Dil Bechara,1,Historical
SSR_COL_008,Maneesh Sharma,Director,Shuddh Desi Romance,1,Historical
SSR_COL_009,Tarun Mansukhani,Director,Drive,1,Historical
SSR_COL_010,Abhishek Chaubey,Director,Sonchiriya,1,Historical
