scenario_id,year,scenario,project,project_basis,role,genre,expected_reception,expected_box_office,historical_status
SSR_CF_A_Conservative_2021,2021,A_Conservative,,,,,,,Simulation
SSR_CF_A_Conservative_2022,2022,A_Conservative,,,,,,,Simulation
SSR_CF_A_Conservative_2023,2023,A_Conservative,,,,,,,Simulation
SSR_CF_A_Conservative_2024,2024,A_Conservative,,,,,,,Simulation
SSR_CF_A_Conservative_2025,2025,A_Conservative,,,,,,,Simulation
SSR_CF_A_Conservative_2026,2026,A_Conservative,,,,,,,Simulation
SSR_CF_B_Career_Continuation_2021,2021,B_Career_Continuation,,,,,,,Simulation
SSR_CF_B_Career_Continuation_2022,2022,B_Career_Continuation,,,,,,,Simulation
SSR_CF_B_Career_Continuation_2023,2023,B_Career_Continuation,,,,,,,Simulation
SSR_CF_B_Career_Continuation_2024,2024,B_Career_Continuation,,,,,,,Simulation
SSR_CF_B_Career_Continuation_2025,2025,B_Career_Continuation,,,,,,,Simulation
SSR_CF_B_Career_Continuation_2026,2026,B_Career_Continuation,,,,,,,Simulation
SSR_CF_C_Ambitious_2021,2021,C_Ambitious,,,,,,,Simulation
SSR_CF_C_Ambitious_2022,2022,C_Ambitious,,,,,,,Simulation
SSR_CF_C_Ambitious_2023,2023,C_Ambitious,,,,,,,Simulation
SSR_CF_C_Ambitious_2024,2024,C_Ambitious,,,,,,,Simulation
SSR_CF_C_Ambitious_2025,2025,C_Ambitious,,,,,,,Simulation
SSR_CF_C_Ambitious_2026,2026,C_Ambitious,,,,,,,Simulation
