role_id,title,genres,archetype,analysis_note
SSR_ROLE_001,Kai Po Che!,Drama;Sports,Ensemble protagonist,Young athlete/aspiring cricketer
SSR_ROLE_002,Shuddh Desi Romance,Romance;Comedy,Romantic lead,Urban romantic protagonist
SSR_ROLE_003,PK,Comedy;Satire,Supporting character,Supporting role
SSR_ROLE_004,Detective Byomkesh Bakshy!,Mystery;Thriller,Detective,Title detective
SSR_ROLE_005,M.S. Dhoni: The Untold Story,Biography;Sports;Drama,Real-life person,Sports biographical protagonist
SSR_ROLE_006,Raabta,Romance;Fantasy,Romantic lead,Dual-role/fantasy romance
SSR_ROLE_007,Kedarnath,Romance;Drama,Romantic lead,Small-town protagonist
SSR_ROLE_008,Sonchiriya,Drama;Western,Dramatic protagonist,Dacoit/western protagonist
SSR_ROLE_009,Chhichhore,Comedy;Drama,Ensemble protagonist,College/parenthood drama
SSR_ROLE_010,Drive,Action;Crime;Thriller,Action lead,Heist/action protagonist
SSR_ROLE_011,Dil Bechara,Romance;Drama,Romantic lead,Posthumous lead performance
